viaje_id,fecha_hora_inicio,fecha_hora_recepcion,unidad_id,estacion_origen_id,estacion_destino_id,lat_origen,lon_origen,tipo_servicio,pasajeros,ocupacion,fuente_registro,conductor_id
V0001,2026-09-03 06:00:00,2026-09-03 06:02:00,U01,E01,E04,19.48,-99.12,REGULAR,19,31,VALIDADOR,C001
V0002,2026-09-03 06:12:00,2026-09-03 06:15:00,U02,E02,E05,19.4325,-99.1332,REGULAR,26,42,INTEGRACION,C002
V0003,2026-09-03 06:24:00,2026-09-03 06:28:00,U03,E03,E06,19.41,-99.07,REGULAR,33,53,GPS_APP,C003
V0004,2026-09-03 06:36:00,2026-09-03 06:41:00,U04,E04,E07,19.35,-99.15,EXPRES,40,64,VALIDADOR,C004
V0005,2026-09-03 06:48:00,2026-09-03 06:54:00,U05,E05,E08,19.42,-99.21,REGULAR,47,75,,C005
V0006,2026-09-03 07:00:00,2026-09-03 07:07:00,U06,E06,E01,19.332,-99.187,REGULAR,54,86,GPS_APP,C006
V0007,,2026-09-03 07:13:00,U07,E07,E02,19.445,-99.105,REGULAR,61,21,VALIDADOR,C007
V0008,2026-09-03 07:24:00,2026-09-03 07:26:00,U08,E08,E03,19.5,-99.16,EXPRES,68,32,INTEGRACION,C008
V0009,2026-09-03 07:36:00,2026-09-03 07:39:00,U09,E01,E04,19.48,-99.12,Regular,17,43,GPS_APP,C009
V0010,2026-09-03 07:48:00,2026-09-03 07:52:00,U10,E02,E05,19.4325,-99.1332,REGULAR,24,54,VALIDADOR,C010
V0011,2026-09-03 08:00:00,2026-09-03 08:05:00,U11,E03,E06,19.41,-99.07,REGULAR,31,65,INTEGRACION,C011
V0011,2026-09-03 08:00:00,2026-09-03 08:05:00,U11,E03,E06,19.41,-99.07,REGULAR,31,65,INTEGRACION,C011
V0013,2026-09-03 08:24:00,2026-09-03 08:31:00,U01,E05,E08,19.42,-99.21,REGULAR,45,87,VALIDADOR,C013
V0014,03/09/2026 08:36:00,2026-09-03 08:37:00,U02,E06,E01,19.332,-99.187,REGULAR,52,22,INTEGRACION,C014
V0015,2026-09-03 08:48:00,2026-09-03 08:50:00,U03,E07,E02,19.445,-99.105,REGULAR,59,33,GPS_APP,C015
V0016,2026-09-03 09:00:00,2026-09-03 09:17:00,U04,E08,E03,19.5,-99.16,EXPRES,66,44,VALIDADOR,C016
V0017,2026-09-03 09:12:00,2026-09-03 09:16:00,U05,E01,E04,19.48,-99.12,REGULAR,15,55,INTEGRACION,C017
V0018,2026-09-03 09:24:00,2026-09-03 09:29:00,U06,E02,E05,19.4325,-99.1332,REGULAR,22,66,GPS_APP,C018
V0019,2026-09-03 09:36:00,2026-09-03 09:42:00,U99,E03,E06,19.41,-99.07,REGULAR,29,77,VALIDADOR,C001
V0020,2026-09-03 09:48:00,2026-09-03 09:55:00,U08,E04,E07,19.35,-99.15,EXPRES,36,88,INTEGRACION,C002
V0021,2026-09-03 10:00:00,2026-09-03 10:01:00,U09,E05,E08,19.42,-99.21,REGULAR,43,23,GPS_APP,C003
V0022,2026-09-03 10:12:00,2026-09-03 10:14:00,U10,E99,E01,19.332,-99.187,REGULAR,50,34,VALIDADOR,C004
V0023,2026-09-03 10:24:00,2026-09-03 10:27:00,U11,E07,E02,19.445,-99.105,REGULAR,57,45,INTEGRACION,C005
V0024,2026-09-03 10:36:00,2026-09-03 10:40:00,U12,E08,E03,19.445,-99.105,EXPRES,64,56,GPS_APP,C006
V0025,2026-09-03 10:48:00,2026-09-03 10:53:00,U01,E01,E04,19.48,-99.12,REGULAR,13,67,VALIDADOR,C007
V0025,2026-09-03 11:00:00,2026-09-03 11:06:00,U02,E02,E05,19.4325,-99.1332,REGULAR,20,78,INTEGRACION,C008
V0027,2026-09-03 11:12:00,2026-09-03 11:19:00,U03,E03,E06,19.41,-99.07,regular,27,89,GPS_APP,C009
V0028,2026-09-03 11:24:00,2026-09-03 11:25:00,U04,E04,E07,19.35,-99.15,EXPRES,34,24,VALIDADOR,C010
V0029,2026-09-03 11:36:00,2026-09-03 11:38:00,U05,E05,E08,19.42,-99.21,REGULAR,41,35,INTEGRACION,C011
V0030,2026-09-03 11:48:00,2026-09-03 11:51:00,U06,E06,E01,19.332,-99.187,REGULAR,48,46,GPS_APP,C012
V0031,2026-09-03 12:00:00,2026-09-03 12:04:00,U07,E07,E02,19.445,-99.105,REGULAR,-3,57,VALIDADOR,C013
V0032,2026-09-03 12:12:00,2026-09-03 12:17:00,U08,E08,E03,19.5,-99.16,EXPRES,62,68,INTEGRACION,C014
V0033,,2026-09-03 12:30:00,U09,E01,E04,19.48,-99.12,REGULAR,69,79,GPS_APP,C015
V0034,2026-09-03 12:36:00,2026-09-03 12:43:00,U10,E02,E05,19.4325,-99.1332,Expres,18,90,VALIDADOR,C016
V0035,2026-09-03 12:48:00,2026-09-03 12:49:00,U11,E03,E06,19.41,-99.07,REGULAR,25,25,INTEGRACION,C017
V0036,2026-09-03 13:00:00,2026-09-03 13:02:00,U12,E04,E07,191.4,-99.15,EXPRES,32,36,GPS_APP,C018
V0037,2026-09-03 13:12:00,2026-09-03 13:15:00,U01,E05,E08,19.42,-99.21,REGULAR,39,47,,C001
V0038,2026/09/03 13:24:00,2026-09-03 13:28:00,U02,E06,E01,19.332,-99.187,REGULAR,46,58,INTEGRACION,C002
V0039,2026-09-03 13:36:00,2026-09-03 13:41:00,U03,E07,E02,19.445,-99.105,REGULAR,53,69,GPS_APP,C003
V0040,2026-09-03 13:48:00,2026-09-03 13:54:00,U04,E08,E03,19.5,-99.16,EXPRES,60,80,VALIDADOR,C004
V0041,2026-09-03 14:00:00,2026-09-03 14:25:00,U05,E01,E04,19.48,-99.12,REGULAR,67,91,INTEGRACION,C005
V0042,2026-09-31 14:12:00,2026-09-03 14:13:00,U06,E02,E05,19.4325,-99.1332,REGULAR,16,26,GPS_APP,C006
V0043,2026-09-03 14:24:00,2026-09-03 14:26:00,U07,E03,E06,19.41,-99.07,REGULAR,23,37,VALIDADOR,C007
V0044,2026-09-03 14:36:00,2026-09-03 14:39:00,U08,E04,E07,19.35,-99.15,EXPRES,30,48,INTEGRACION,C008
V0045,2026-09-03 14:48:00,2026-09-03 14:52:00,UX3,E05,E08,19.42,-99.21,REGULAR,37,59,GPS_APP,C009
V0046,2026-09-03 15:00:00,2026-09-03 15:05:00,U10,E06,E01,19.332,-99.187,REGULAR,44,70,VALIDADOR,C010
V0047,03-09-2026 15:12:00,2026-09-03 15:18:00,U11,E07,E02,19.445,-99.105,REGULAR,51,81,INTEGRACION,C011
V0048,2026-09-03 15:24:00,2026-09-03 15:31:00,U12,E08,E03,19.5,-99.16,EXPRES,96,92,GPS_APP,C012
V0049,2026-09-03 15:36:00,2026-09-03 15:37:00,U01,E01,E04,19.48,-99.12,REGULAR,65,27,VALIDADOR,C013
V0050,2026-09-03 15:48:00,2026-09-03 15:50:00,U02,E02,E05,19.4325,-99.1332,REGULAR,14,38,INTEGRACION,C014
V0051,2026-09-03 16:00:00,2026-09-03 16:03:00,U03,E03,E00,19.41,-99.07,REGULAR,21,49,GPS_APP,C015
V0052,2026-09-03 16:12:00,2026-09-03 16:16:00,U04,E04,E07,19.4325,-99.1332,EXPRES,28,60,VALIDADOR,C016
V0053,2026-09-03 16:24:00,2026-09-03 16:29:00,U05,E05,E08,19.42,-99.21,REGULAR,35,71,INTEGRACION,C017
V0054,,2026-09-03 16:42:00,U06,E06,E01,19.332,-99.187,REGULAR,42,82,GPS_APP,C018
V0055,2026-09-03 16:48:00,2026-09-03 16:55:00,U07,E07,E02,19.445,-99.105,REGULAR,49,93,VALIDADOR,C001
V0056,2026-09-03 17:00:00,2026-09-03 17:01:00,U08,E08,E03,19.5,-99.16,EXPRES,56,28,,C002
V0057,2026-09-03 17:12:00,2026-09-03 17:14:00,U09,E01,E04,19.48,-99.12,REGULAR,63,39,GPS_APP,C003
V0058,2026-09-03 17:24:00,2026-09-03 17:27:00,U10,E02,E05,19.4325,-99.1332,EXPRESS,12,50,VALIDADOR,C004
V0059,2026-09-03 17:36:00,2026-09-03 18:39:00,U11,E03,E06,19.41,-99.07,REGULAR,19,61,INTEGRACION,C005
V0060,2026-09-03 17:48:00,2026-09-03 17:53:00,U12,E04,E07,19.35,-99.15,EXPRES,26,72,GPS_APP,C006
